Rank,Title,Year,Lifetime Gross
1,Avatar,2009,"$2,923,710,708"
2,Avengers: Endgame,2019,"$2,799,439,100"
3,Avatar: The Way of Water,2022,"$2,334,484,620"
4,Titanic,1997,"$2,264,812,968"
5,Ne Zha 2,2025,"$2,259,822,417"
6,Star Wars: Episode VII - The Force Awakens,2015,"$2,071,310,218"
7,Avengers: Infinity War,2018,"$2,052,415,039"
8,Spider-Man: No Way Home,2021,"$1,921,426,073"
9,Inside Out 2,2024,"$1,698,863,816"
10,Jurassic World,2015,"$1,671,537,444"
11,The Lion King,2019,"$1,662,020,819"
12,Zootopia 2,2025,"$1,656,187,466"
13,The Avengers,2012,"$1,520,538,536"
14,Furious 7,2015,"$1,515,342,457"
15,Top Gun: Maverick,2022,"$1,495,696,292"
16,Frozen II,2019,"$1,453,683,476"
17,Barbie,2023,"$1,447,138,421"
18,Avengers: Age of Ultron,2015,"$1,405,018,048"
19,The Super Mario Bros. Movie,2023,"$1,360,879,735"
20,Black Panther,2018,"$1,349,926,083"
21,Harry Potter and the Deathly Hallows: Part 2,2011,"$1,342,942,050"
22,Deadpool & Wolverine,2024,"$1,338,073,645"
23,Star Wars: Episode VIII - The Last Jedi,2017,"$1,334,407,706"
24,Jurassic World: Fallen Kingdom,2018,"$1,308,566,455"
25,Frozen,2013,"$1,286,513,286"
26,Beauty and the Beast,2017,"$1,266,115,964"
27,Incredibles 2,2018,"$1,243,225,667"
28,The Fate of the Furious,2017,"$1,236,009,236"
29,Avatar: Fire and Ash,2025,"$1,232,779,299"
30,Iron Man 3,2013,"$1,215,577,205"
31,Minions,2015,"$1,159,457,503"
32,Captain America: Civil War,2016,"$1,155,046,416"
33,Aquaman,2018,"$1,152,028,393"
34,The Lord of the Rings: The Return of the King,2003,"$1,140,558,597"
35,Spider-Man: Far from Home,2019,"$1,132,723,226"
36,Captain Marvel,2019,"$1,131,416,446"
37,Transformers: Dark of the Moon,2011,"$1,123,794,079"
38,Skyfall,2012,"$1,108,594,137"
39,Transformers: Age of Extinction,2014,"$1,105,261,713"
40,Jurassic Park,1993,"$1,103,096,466"
41,The Dark Knight Rises,2012,"$1,085,199,115"
42,Joker,2019,"$1,078,958,629"
43,Star Wars: Episode IX - The Rise of Skywalker,2019,"$1,077,022,372"
44,Toy Story 4,2019,"$1,073,841,394"
45,Toy Story 3,2010,"$1,067,316,101"
46,Pirates of the Caribbean: Dead Man's Chest,2006,"$1,066,179,747"
47,Moana 2,2024,"$1,059,242,164"
48,Rogue One: A Star Wars Story,2016,"$1,058,684,742"
49,Aladdin,2019,"$1,054,304,000"
50,Pirates of the Caribbean: On Stranger Tides,2011,"$1,046,721,266"
51,Star Wars: Episode I - The Phantom Menace,1999,"$1,046,515,409"
52,Lilo & Stitch,2025,"$1,038,027,526"
53,Despicable Me 3,2017,"$1,034,800,131"
54,Harry Potter and the Sorcerer's Stone,2001,"$1,029,374,615"
55,Finding Dory,2016,"$1,029,266,989"
56,Zootopia,2016,"$1,025,521,689"
57,Alice in Wonderland,2010,"$1,025,468,216"
58,The Hobbit: An Unexpected Journey,2012,"$1,017,453,991"
59,The Dark Knight,2008,"$1,008,294,632"
60,Jurassic World: Dominion,2022,"$1,001,978,080"
61,The Lion King,1994,"$979,161,632"
62,Oppenheimer,2023,"$975,811,333"
63,Despicable Me 4,2024,"$972,021,410"
64,Despicable Me 2,2013,"$970,766,005"
65,The Jungle Book,2016,"$967,724,775"
66,The Hobbit: The Battle of the Five Armies,2014,"$962,749,443"
67,Jumanji: Welcome to the Jungle,2017,"$962,544,585"
68,Pirates of the Caribbean: At World's End,2007,"$961,691,209"
69,Harry Potter and the Deathly Hallows: Part 1,2010,"$960,858,478"
70,The Hobbit: The Desolation of Smaug,2013,"$959,079,095"
71,A Minecraft Movie,2025,"$958,287,780"
72,Doctor Strange in the Multiverse of Madness,2022,"$955,775,804"
73,Harry Potter and the Order of the Phoenix,2007,"$942,872,838"
74,Finding Nemo,2003,"$941,637,960"
75,Harry Potter and the Half-Blood Prince,2009,"$941,056,063"
76,Minions: The Rise of Gru,2022,"$940,482,695"
77,The Lord of the Rings: The Two Towers,2002,"$939,350,225"
78,Shrek 2,2004,"$932,536,239"
79,Bohemian Rhapsody,2018,"$910,813,521"
80,Star Wars: Episode III - Revenge of the Sith,2005,"$905,595,947"
81,The Battle at Lake Changjin,2021,"$902,548,476"
82,Harry Potter and the Goblet of Fire,2005,"$900,430,234"
83,The Lord of the Rings: The Fellowship of the Ring,2001,"$890,039,450"
84,Spider-Man 3,2007,"$887,404,761"
85,Ice Age: Dawn of the Dinosaurs,2009,"$886,686,817"
86,Harry Potter and the Chamber of Secrets,2002,"$883,386,103"
87,Spider-Man: Homecoming,2017,"$880,978,185"
88,Spectre,2015,"$880,707,597"
89,Ice Age: Continental Drift,2012,"$877,244,782"
90,The Secret Life of Pets,2016,"$875,698,161"
91,Batman v Superman: Dawn of Justice,2016,"$874,362,803"
92,Wolf Warrior 2,2017,"$870,325,439"
93,Jurassic World: Rebirth,2025,"$869,146,189"
94,The Twilight Saga: Breaking Dawn - Part 2,2012,"$868,590,075"
95,The Hunger Games: Catching Fire,2013,"$865,011,746"
96,Guardians of the Galaxy Vol. 2,2017,"$863,764,214"
97,Black Panther: Wakanda Forever,2022,"$859,208,836"
98,Inside Out,2015,"$859,076,254"
99,Venom,2018,"$856,085,161"
100,Thor: Ragnarok,2017,"$855,301,806"
101,Guardians of the Galaxy Vol. 3,2023,"$845,555,777"
102,Inception,2010,"$839,786,473"
103,Transformers: Revenge of the Fallen,2009,"$836,304,167"
104,Mission: Impossible - Fallout,2018,"$824,171,374"
105,Wonder Woman,2017,"$823,970,682"
106,Coco,2017,"$823,285,838"
107,"Hi, Mom",2021,"$822,009,764"
108,Independence Day,1996,"$817,400,891"
109,Fantastic Beasts and Where to Find Them,2016,"$816,037,575"
110,Spider-Man,2002,"$810,923,968"
111,Harry Potter and the Prisoner of Azkaban,2004,"$810,556,919"
112,Shrek the Third,2007,"$808,310,187"
113,Jumanji: The Next Level,2019,"$801,693,929"
114,The Da Vinci Code,2006,"$801,349,858"
115,E.T. the Extra-Terrestrial,1982,"$797,307,407"
116,Pirates of the Caribbean: Dead Men Tell No Tales,2017,"$795,922,298"
117,2012,2009,"$791,217,826"
118,Fast & Furious 6,2013,"$788,683,342"
119,Indiana Jones and the Kingdom of the Crystal Skull,2008,"$786,636,033"
120,Deadpool 2,2018,"$785,896,632"
121,Spider-Man 2,2004,"$785,388,262"
122,Deadpool,2016,"$782,837,347"
123,Star Wars: Episode IV - A New Hope,1977,"$775,398,507"
124,No Time to Die,2021,"$774,153,007"
125,Interstellar,2014,"$773,808,312"
126,Guardians of the Galaxy,2014,"$773,350,376"
127,The Batman,2022,"$772,775,278"
128,Thor: Love and Thunder,2022,"$760,928,081"
129,Fast & Furious Presents: Hobbs & Shaw,2019,"$760,732,926"
130,The Twilight Saga: Eclipse,2010,"$760,627,618"
131,Maleficent,2014,"$759,853,685"
132,The Hunger Games: Mockingjay - Part 1,2014,"$758,846,335"
133,Wicked,2024,"$758,789,284"
134,The Amazing Spider-Man,2012,"$758,725,893"
135,Shrek Forever After,2010,"$752,600,867"
136,Suicide Squad,2016,"$749,200,054"
137,Madagascar 3: Europe's Most Wanted,2012,"$746,921,274"
138,X-Men: Days of Future Past,2014,"$746,045,700"
139,"The Chronicles of Narnia: The Lion, the Witch and the Wardrobe",2005,"$745,013,115"
140,Monsters University,2013,"$743,559,645"
141,The Matrix Reloaded,2003,"$741,847,937"
142,Up,2009,"$735,103,954"
143,The Twilight Saga: Breaking Dawn - Part 1,2011,"$731,980,095"
144,F9: The Fast Saga,2021,"$726,229,501"
145,Ne Zha,2019,"$726,225,471"
146,Demon Slayer: Kimetsu no Yaiba Infinity Castle,2025,"$724,279,886"
147,Gravity,2013,"$723,753,370"
148,Mufasa: The Lion King,2024,"$722,631,756"
149,It,2017,"$719,766,009"
150,The Amazing Spider-Man 2,2014,"$716,934,779"
151,Dune: Part Two,2024,"$714,844,358"
152,Captain America: The Winter Soldier,2014,"$714,421,503"
153,The Twilight Saga: New Moon,2009,"$712,135,229"
154,Mission: Impossible - Rogue Nation,2015,"$710,916,403"
155,Dawn of the Planet of the Apes,2014,"$710,644,566"
156,Transformers,2007,"$709,709,780"
157,Fast X,2023,"$704,875,015"
158,The Wandering Earth,2019,"$699,992,512"
159,The Hunger Games,2012,"$695,220,619"
160,Mission: Impossible - Ghost Protocol,2011,"$694,713,380"
161,Spider-Man: Across the Spider-Verse,2023,"$690,824,738"
162,Detective Chinatown 3,2021,"$686,257,563"
163,Forrest Gump,1994,"$678,226,465"
164,Doctor Strange,2016,"$677,796,833"
165,The Sixth Sense,1999,"$672,806,432"
166,Big Hero 6,2014,"$672,107,599"
167,Full River Red,2023,"$670,491,959"
168,Man of Steel,2013,"$670,145,518"
169,Ice Age 2: The Meltdown,2006,"$667,318,416"
170,Kung Fu Panda 2,2011,"$665,692,281"
171,The Hunger Games: Mockingjay - Part 2,2015,"$664,905,155"
172,Justice League,2017,"$661,326,987"
173,Fantastic Beasts: The Crimes of Grindelwald,2018,"$655,755,901"
174,Pirates of the Caribbean: The Curse of the Black Pearl,2003,"$654,264,546"
175,Men in Black³,2012,"$654,213,485"
176,Star Wars: Episode II - Attack of the Clones,2002,"$653,780,724"
177,Thor: The Dark World,2013,"$644,783,140"
178,Moana,2016,"$643,332,974"
179,How to Train Your Dragon,2025,"$636,351,148"
180,Wonka,2023,"$634,502,312"
181,Sing,2016,"$634,338,409"
182,Kung Fu Panda,2008,"$632,384,787"
183,F1: The Movie,2025,"$631,742,436"
184,The Incredibles,2004,"$631,688,498"
185,The Martian,2015,"$630,621,406"
186,Hancock,2008,"$629,443,428"
187,Water Gate Bridge,2022,"$626,571,697"
188,Fast Five,2011,"$626,140,012"
189,Iron Man 2,2010,"$623,933,331"
190,Ratatouille,2007,"$623,738,973"
191,Ant-Man and the Wasp,2018,"$622,674,139"
192,How to Train Your Dragon 2,2014,"$621,537,519"
193,Logan,2017,"$619,180,476"
194,The Lost World: Jurassic Park,1997,"$618,638,999"
195,Superman,2025,"$616,823,803"
196,Casino Royale,2006,"$616,585,752"
197,The Wandering Earth II,2023,"$615,023,132"
198,Mamma Mia!,2008,"$615,015,484"
199,The Passion of the Christ,2004,"$610,063,438"
200,Life of Pi,2012,"$609,016,565"
201,Ready Player One,2018,"$607,874,422"
202,Transformers: The Last Knight,2017,"$605,425,157"
203,Madagascar: Escape 2 Africa,2008,"$603,900,354"
204,War of the Worlds,2005,"$603,873,504"
205,Mission: Impossible - The Final Reckoning,2025,"$598,767,057"
206,Tangled,2010,"$591,806,017"
207,Quantum of Solace,2008,"$589,593,688"
208,Men in Black,1997,"$589,390,539"
209,The Croods,2013,"$587,267,229"
210,The Hangover Part II,2011,"$586,764,305"
211,Iron Man,2008,"$585,796,247"
212,I Am Legend,2007,"$585,498,742"
213,"Monsters, Inc.",2001,"$579,773,055"
214,Operation Red Sea,2018,"$579,330,426"
215,Night at the Museum,2006,"$574,482,479"
216,Godzilla x Kong: The New Empire,2024,"$572,050,016"
217,Mission: Impossible - Dead Reckoning Part One,2023,"$571,125,435"
218,Fifty Shades of Grey,2015,"$569,651,467"
219,The Little Mermaid,2023,"$569,642,672"
220,Kong: Skull Island,2017,"$568,652,812"
221,The Smurfs,2011,"$563,892,376"
222,Cars 2,2011,"$559,853,036"
223,King Kong,2005,"$556,907,510"
224,Puss in Boots,2011,"$554,987,477"
225,The Mermaid,2016,"$553,810,228"
226,Armageddon,1998,"$553,712,773"
227,The Grinch,2018,"$552,976,825"
228,The Day After Tomorrow,2004,"$552,639,571"
229,Star Wars: Episode V - The Empire Strikes Back,1980,"$550,016,086"
230,Ted,2012,"$549,368,315"
231,Dunkirk,2017,"$549,136,737"
232,Kung Fu Panda 4,2024,"$547,946,428"
233,American Sniper,2014,"$547,659,020"
234,Mission: Impossible II,2000,"$546,388,108"
235,Detective Chinatown 2,2018,"$544,185,156"
236,Despicable Me,2010,"$544,174,973"
237,X-Men: Apocalypse,2016,"$543,934,105"
238,Sherlock Holmes: A Game of Shadows,2011,"$543,848,418"
239,Cinderella,2015,"$542,358,331"
240,Madagascar,2005,"$542,068,271"
241,Hotel Transylvania 3: Summer Vacation,2018,"$541,504,608"
242,World War Z,2013,"$540,455,876"
243,How to Train Your Dragon: The Hidden World,2019,"$539,987,993"
244,Brave,2012,"$538,983,207"
245,The Simpsons Movie,2007,"$536,414,293"
246,The Revenant,2015,"$532,950,503"
247,No More Bets,2023,"$532,600,264"
248,The Meg,2018,"$529,338,515"
249,Ralph Breaks the Internet,2018,"$529,323,962"
250,The Boss Baby,2017,"$527,965,936"
251,WALL·E,2008,"$527,403,656"
252,Godzilla,2014,"$524,978,362"
253,Sherlock Holmes,2009,"$524,028,679"
254,Meet the Fockers,2004,"$522,657,936"
255,Wicked: For Good,2025,"$522,476,345"
256,La La Land,2016,"$522,314,583"
257,The Fantastic Four: First Steps,2025,"$521,858,728"
258,Kung Fu Panda 3,2016,"$521,170,825"
259,Ant-Man,2015,"$519,311,965"
260,Terminator 2: Judgment Day,1991,"$517,778,573"
261,Venom: Let There Be Carnage,2021,"$506,813,864"
262,Ghost,1990,"$505,703,557"
263,Aladdin,1992,"$504,050,219"
264,Detective Chinatown 1900,2025,"$500,282,092"
265,Rio 2,2014,"$498,781,117"
266,Troy,2004,"$497,409,852"
267,Toy Story 2,1999,"$497,375,404"
268,Elemental,2023,"$496,444,308"
269,How to Train Your Dragon,2010,"$494,879,860"
270,The Conjuring: Last Rites,2025,"$494,656,445"
271,Twister,1996,"$494,580,615"
272,Oz the Great and Powerful,2013,"$493,311,825"
273,Clash of the Titans,2010,"$493,214,993"
274,Sonic the Hedgehog 3,2024,"$492,162,604"
275,Maleficent: Mistress of Evil,2019,"$491,730,089"
276,Jaws,1975,"$490,736,300"
277,War for the Planet of the Apes,2017,"$490,719,763"
278,Shrek,2001,"$488,977,919"
279,Lost in the Stars,2023,"$487,637,474"
280,Mr. & Mrs. Smith,2005,"$487,287,646"
281,Demon Slayer: Kimetsu no Yaiba - The Movie: Mugen Train,2020,"$486,451,200"
282,Angels & Demons,2009,"$485,930,816"
283,Teenage Mutant Ninja Turtles,2014,"$485,004,754"
284,Bruce Almighty,2003,"$484,592,874"
285,Rio,2011,"$483,895,196"
286,Star Wars: Episode VI - Return of the Jedi,1983,"$482,466,382"
287,Saving Private Ryan,1998,"$482,352,390"
288,Rise of the Planet of the Apes,2011,"$481,800,873"
289,Puss in Boots: The Last Wish,2022,"$480,466,413"
290,Venom: The Last Dance,2024,"$478,937,618"
291,Home Alone,1990,"$477,383,642"
292,Ant-Man and the Wasp: Quantumania,2023,"$476,071,180"
293,Hotel Transylvania 2,2015,"$475,186,976"
294,Charlie and the Chocolate Factory,2005,"$474,968,763"
295,San Andreas,2015,"$474,609,154"
296,Indiana Jones and the Last Crusade,1989,"$474,171,806"
297,The Matrix,1999,"$473,328,167"
298,It: Chapter Two,2019,"$473,123,154"
299,The Greatest Showman,2017,"$471,871,490"
300,Wreck-It Ralph,2012,"$471,222,906"
301,The Lego Movie,2014,"$470,760,260"
302,Godzilla vs. Kong,2021,"$470,116,094"
303,The Hangover,2009,"$469,329,059"
304,Lucy,2014,"$469,058,574"
305,Bumblebee,2018,"$467,989,645"
306,Star Trek Into Darkness,2013,"$467,365,246"
307,Gladiator,2000,"$465,516,248"
308,Pretty Woman,1990,"$463,406,268"
309,Gladiator II,2024,"$462,180,717"
310,Cars,2006,"$461,996,328"
311,The Eight Hundred,2020,"$461,421,559"
312,X-Men: The Last Stand,2006,"$460,435,291"
313,Moon Man,2022,"$460,237,662"
314,National Treasure: Book of Secrets,2007,"$459,242,249"
315,Mission: Impossible,1996,"$457,696,391"
316,300,2007,"$456,082,343"
317,The Last Samurai,2003,"$454,627,263"
318,Beetlejuice Beetlejuice,2024,"$452,000,435"
319,Beauty and the Beast,1991,"$451,291,298"
320,Dying to Survive,2018,"$451,183,391"
321,Ocean's Eleven,2001,"$450,717,150"
322,"My People, My Country",2019,"$450,064,993"
323,Pokémon: Detective Pikachu,2019,"$450,063,166"
324,Thor,2011,"$449,326,618"
325,Pearl Harbor,2001,"$449,220,945"
326,Tarzan,1999,"$448,192,603"
327,John Wick: Chapter 4,2023,"$447,142,521"
328,1917,2019,"$446,064,352"
329,Men in Black II,2002,"$445,135,288"
330,The Mummy Returns,2001,"$443,284,916"
331,Alvin and the Chipmunks: The Squeakquel,2009,"$443,140,005"
332,The Bourne Ultimatum,2007,"$442,824,138"
333,Les Misérables,2012,"$442,757,529"
334,Transformers: Rise of the Beasts,2023,"$441,656,550"
335,Mrs. Doubtfire,1993,"$441,286,195"
336,Terminator Genisys,2015,"$440,603,537"
337,Aquaman and the Lost Kingdom,2023,"$440,181,226"
338,A Star Is Born,2018,"$439,943,006"
339,Warcraft,2016,"$439,048,914"
340,Yolo,2024,"$433,606,094"
341,Terminator 3: Rise of the Machines,2003,"$433,371,112"
342,Shang-Chi and the Legend of the Ten Rings,2021,"$432,243,292"
343,Die Another Day,2002,"$431,971,781"
344,The Secret Life of Pets 2,2019,"$431,164,459"
345,The Exorcist,1973,"$430,872,776"
346,Cast Away,2000,"$429,632,142"
347,Rampage,2018,"$428,128,399"
348,The Matrix Revolutions,2003,"$427,344,325"
349,The Intouchables,2011,"$426,590,315"
350,Bad Boys for Life,2020,"$426,505,244"
351,Django Unchained,2012,"$426,076,540"
352,Dances with Wolves,1990,"$424,208,848"
353,Pegasus 2,2024,"$422,878,491"
354,Dead to Rights,2025,"$422,785,908"
355,"My People, My Homeland",2020,"$422,390,820"
356,Successor,2024,"$422,307,398"
357,The Chronicles of Narnia: Prince Caspian,2008,"$419,665,568"
358,Sex and the City,2008,"$418,769,972"
359,The Captain,2019,"$417,863,545"
360,The Mummy,1999,"$417,643,286"
361,The Chronicles of Narnia: The Voyage of the Dawn Treader,2010,"$415,686,217"
362,Jason Bourne,2016,"$415,484,914"
363,Captain America: Brave New World,2025,"$415,101,577"
364,The Wolverine,2013,"$414,828,246"
365,Kingsman: The Secret Service,2015,"$414,351,546"
366,The King's Speech,2010,"$414,245,125"
367,Night at the Museum: Battle of the Smithsonian,2009,"$413,106,170"
368,Batman,1989,"$411,569,241"
369,The Bodyguard,1992,"$411,046,449"
370,Pacific Rim,2013,"$411,002,906"
371,Kingsman: The Golden Circle,2017,"$410,902,662"
372,Dune: Part One,2021,"$410,668,500"
373,The Mummy,2017,"$409,231,607"
374,Ice Age: Collision Course,2016,"$408,754,975"
375,Sing 2,2021,"$408,402,685"
376,Signs,2002,"$408,247,917"
377,X2: X-Men United,2003,"$407,711,549"
378,Fantastic Beasts: The Secrets of Dumbledore,2022,"$407,150,844"
379,Uncharted,2022,"$407,141,258"
380,The Wolf of Wall Street,2013,"$407,039,432"
381,Sonic the Hedgehog 2,2022,"$405,421,518"
382,Your Name.,2016,"$405,320,132"
383,Alita: Battle Angel,2019,"$404,980,543"
384,Bad Boys: Ride or Die,2024,"$404,550,184"
385,The Mummy: Tomb of the Dragon Emperor,2008,"$403,449,830"
386,Prometheus,2012,"$403,354,469"
387,Gone with the Wind,1939,"$402,382,193"
388,Eternals,2021,"$402,064,899"
389,Toy Story,1995,"$401,157,969"
390,Tron: Legacy,2010,"$400,070,675"
391,Twilight,2008,"$399,980,740"
392,Meg 2: The Trench,2023,"$398,500,317"
393,Mission: Impossible III,2006,"$398,479,497"
394,Kingdom of the Planet of the Apes,2024,"$397,378,150"
395,Snow White and the Huntsman,2012,"$396,592,829"
396,Grease,1978,"$396,271,103"
397,Mamma Mia! Here We Go Again,2018,"$395,607,854"
398,Spider-Man: Into the Spider-Verse,2018,"$394,884,133"
399,Black Adam,2022,"$393,452,111"
400,Back to the Future,1985,"$392,976,852"
401,Solo: A Star Wars Story,2018,"$392,924,807"
402,Once Upon a Time... in Hollywood,2019,"$392,105,159"
403,Superman Returns,2006,"$391,081,192"
404,Robin Hood: Prince of Thieves,1991,"$390,493,908"
405,Raiders of the Lost Ark,1981,"$389,925,971"
406,Independence Day: Resurgence,2016,"$389,681,935"
407,Live Free or Die Hard,2007,"$388,156,011"
408,Godzilla: King of the Monsters,2019,"$387,300,138"
409,Monster Hunt,2015,"$387,053,506"
410,Home,2015,"$386,041,607"
411,Star Trek,2009,"$385,681,768"
412,Happy Feet,2006,"$384,336,781"
413,Indiana Jones and the Dial of Destiny,2023,"$383,963,057"
414,Cars 3,2017,"$383,930,656"
415,Ice Age,2002,"$383,257,136"
416,Thunderbolts*,2025,"$382,436,917"
417,Fifty Shades Darker,2017,"$381,545,846"
418,Monsters vs. Aliens,2009,"$381,509,870"
419,Edge of Tomorrow,2014,"$381,055,527"
420,Mad Max: Fury Road,2015,"$380,456,026"
421,Black Widow,2021,"$379,751,655"
422,Godzilla,1998,"$379,014,294"
423,True Lies,1994,"$378,882,411"
424,Slumdog Millionaire,2008,"$378,411,362"
425,Taken 2,2012,"$376,152,455"
426,G.I. Joe: Retaliation,2013,"$375,740,705"
427,Batman Begins,2005,"$375,550,730"
428,Shark Tale,2004,"$374,583,879"
429,What Women Want,2000,"$374,111,707"
430,The Adventures of Tintin,2011,"$373,994,233"
431,Penguins of Madagascar,2014,"$373,515,621"
432,X-Men Origins: Wolverine,2009,"$373,062,864"
433,Creation of the Gods I: Kingdom of Storms,2023,"$373,044,244"
434,Twisters,2024,"$372,262,265"
435,The Golden Compass,2007,"$372,234,864"
436,Fifty Shades Freed,2018,"$371,985,018"
437,Hitch,2005,"$371,594,603"
438,Terminator Salvation,2009,"$371,353,001"
439,Gone Girl,2014,"$370,890,259"
440,Captain America: The First Avenger,2011,"$370,569,774"
441,There's Something About Mary,1998,"$369,884,651"
442,The Fugitive,1993,"$368,875,760"
443,Jurassic Park III,2001,"$368,780,809"
444,My Big Fat Greek Wedding,2002,"$368,744,044"
445,Sinners,2025,"$368,289,632"
446,Shazam!,2019,"$367,799,011"
447,Hello Mr. Billionaire,2018,"$366,961,907"
448,Hotel Transylvania,2012,"$366,412,829"
449,Die Hard with a Vengeance,1995,"$366,101,666"
450,The Nun,2018,"$366,082,797"
451,Alvin and the Chipmunks,2007,"$365,352,546"
452,Tenet,2020,"$365,309,519"
453,Notting Hill,1999,"$364,021,121"
454,A Bug's Life,1998,"$363,258,859"
455,Night at the Museum: Secret of the Tomb,2014,"$363,204,635"
456,Ocean's Twelve,2004,"$362,744,280"
457,Mary Poppins Returns,2018,"$362,529,106"
458,Planet of the Apes,2001,"$362,211,740"
459,The Hangover Part III,2013,"$362,000,072"
460,The World Is Not Enough,1999,"$361,832,400"
461,The Hunger Games: The Ballad of Songbirds & Snakes,2023,"$361,791,134"
462,Monster Hunt 2,2018,"$361,682,618"
463,Fast & Furious,2009,"$360,405,638"
464,Spirited Away,2001,"$360,393,388"
465,Noah,2014,"$359,200,044"
466,The Karate Kid,2010,"$359,126,022"
467,Home Alone 2: Lost in New York,1992,"$358,994,850"
468,Minority Report,2002,"$358,372,926"
469,Top Gun,1986,"$357,288,178"
470,The Legend of Tarzan,2016,"$357,243,061"
471,American Beauty,1999,"$356,296,601"
472,Apollo 13,1995,"$355,770,228"
473,Rain Man,1988,"$354,825,435"
474,The Great Gatsby,2013,"$353,660,028"
475,Dumbo,2019,"$353,284,621"
476,"I, Robot",2004,"$353,133,898"
477,Basic Instinct,1992,"$352,927,224"
478,Murder on the Orient Express,2017,"$352,794,081"
479,X-Men: First Class,2011,"$352,616,690"
480,The Angry Birds Movie,2016,"$352,333,929"
481,GoldenEye,1995,"$352,194,034"
482,Catch Me If You Can,2002,"$352,114,312"
483,Now You See Me,2013,"$351,723,989"
484,Hannibal,2001,"$351,692,268"
485,The Mask,1994,"$351,583,407"
486,Peter Rabbit,2018,"$351,516,614"
487,It Ends with Us,2024,"$351,441,044"
488,Alien: Romulus,2024,"$350,865,342"
489,How the Grinch Stole Christmas,2000,"$350,474,504"
490,Speed,1994,"$350,448,145"
491,Dinosaur,2000,"$349,822,765"
492,Deep Impact,1998,"$349,464,664"
493,The Lorax,2012,"$349,305,397"
494,The Maze Runner,2014,"$348,319,861"
495,The Smurfs 2,2013,"$347,545,360"
496,National Treasure,2004,"$347,512,530"
497,Trolls,2016,"$347,337,803"
498,Rush Hour 2,2001,"$347,325,802"
499,xXx: Return of Xander Cage,2017,"$346,118,277"
500,Pocahontas,1995,"$346,079,773"
501,Star Trek Beyond,2016,"$343,471,816"
502,Alvin and the Chipmunks: Chipwrecked,2011,"$342,695,435"
503,Wanted,2008,"$342,463,063"
504,The Flintstones,1994,"$341,631,208"
505,A Quiet Place,2018,"$340,955,294"
506,Enchanted,2007,"$340,487,869"
507,Over the Hedge,2006,"$339,795,890"
508,300: Rise of an Empire,2014,"$337,580,051"
509,Batman Forever,1995,"$336,567,158"
510,Prince of Persia: The Sands of Time,2009,"$336,365,676"
511,The Curious Case of Benjamin Button,2008,"$335,802,786"
512,Journey 2: The Mysterious Island,2012,"$335,288,576"
513,The Rock,1996,"$335,062,621"
514,The Great Wall,2016,"$334,933,831"
515,Now You See Me 2,2016,"$334,897,606"
516,The Wild Robot,2024,"$334,537,187"
517,Never Say Die,2017,"$334,530,869"
518,Fantastic Four,2005,"$333,535,934"
519,Indiana Jones and the Temple of Doom,1984,"$333,107,271"
520,Tomorrow Never Dies,1997,"$333,011,068"
521,Back to the Future Part II,1989,"$332,861,197"
522,The Good Dinosaur,2015,"$332,207,671"
523,Free Guy,2021,"$331,526,598"
524,22 Jump Street,2014,"$331,333,876"
525,Meet the Parents,2000,"$330,444,045"
526,Black Swan,2010,"$330,213,626"
527,Seven,1995,"$329,813,591"
528,Who Framed Roger Rabbit,1988,"$329,803,958"
529,The Polar Express,2004,"$328,972,415"
530,The Perfect Storm,2000,"$328,718,434"
531,John Wick: Chapter 3 - Parabellum,2019,"$328,349,908"
532,Crocodile Dundee,1986,"$328,203,506"
533,Crazy Alien,2019,"$327,598,891"
534,The Devil Wears Prada,2006,"$326,554,910"
535,Taken 3,2015,"$326,479,141"
536,Paddington,2014,"$326,113,057"
537,The Hunchback of Notre Dame,1996,"$325,338,851"
538,A Christmas Carol,2009,"$325,286,646"
539,The SpongeBob Movie: Sponge Out of Water,2015,"$325,186,032"
540,Bridesmaids,2011,"$324,840,797"
541,The Conjuring 2,2016,"$322,819,915"
542,Schindler's List,1993,"$322,161,245"
543,Megamind,2010,"$321,885,765"
544,Green Book,2018,"$321,752,656"
545,Lethal Weapon 3,1992,"$321,731,527"
546,Robin Hood,2010,"$321,669,741"
547,Inglourious Basterds,2009,"$321,460,744"
548,The Conjuring,2013,"$321,293,998"
549,101 Dalmatians,1996,"$320,689,294"
550,Fatal Attraction,1987,"$320,145,693"
551,Sonic the Hedgehog,2020,"$319,715,683"
552,The Last Airbender,2010,"$319,713,881"
553,The Proposal,2009,"$317,375,937"
554,A Beautiful Mind,2001,"$316,791,257"
555,Beverly Hills Cop,1984,"$316,360,478"
556,Final Destination: Bloodlines,2025,"$315,954,739"
557,Air Force One,1997,"$315,156,409"
558,Wonder,2017,"$315,025,930"
559,The Expendables 2,2012,"$314,975,955"
560,Chicken Little,2005,"$314,432,837"
561,As Good as It Gets,1997,"$314,178,011"
562,Austin Powers: The Spy Who Shagged Me,1999,"$313,701,294"
563,Knives Out,2019,"$312,897,920"
564,The Lego Batman Movie,2017,"$312,336,671"
565,Maze Runner: The Scorch Trials,2015,"$312,296,056"
566,Resident Evil: The Final Chapter,2016,"$312,242,626"
567,Ocean's Thirteen,2007,"$311,312,624"
568,Little Fockers,2010,"$310,650,585"
569,Bolt,2008,"$309,979,994"
570,Ransom,1996,"$309,492,681"
571,Runaway Bride,1999,"$309,460,292"
572,The Blind Side,2009,"$309,231,694"
573,The Ex-File 3: Return of the Exes,2017,"$307,592,427"
574,The Fault in Our Stars,2014,"$307,170,119"
575,The Pursuit of Happyness,2006,"$307,127,625"
576,Rise of the Guardians,2012,"$306,946,514"
577,Article 20,2024,"$306,899,794"
578,Close Encounters of the Third Kind,1977,"$306,889,114"
579,Chicago,2002,"$306,777,683"
580,Annabelle: Creation,2017,"$306,592,201"
581,Skyscraper,2018,"$304,870,828"
582,A Good Day to Die Hard,2013,"$304,654,182"
583,Mulan,1998,"$304,320,254"
584,Dangal,2016,"$303,726,694"
585,Passengers,2016,"$303,144,152"
586,Battleship,2012,"$303,025,485"
587,Liar Liar,1997,"$302,710,615"
588,G.I. Joe: The Rise of Cobra,2009,"$302,469,017"
589,Wrath of the Titans,2012,"$301,970,083"
590,Never Say Never,2023,"$301,957,043"
591,Fantastic Four: Rise of the Silver Surfer,2007,"$301,913,131"
592,Hook,1991,"$300,854,823"
593,Superman,1978,"$300,478,449"
594,Rocky IV,1985,"$300,473,716"
595,Rambo: First Blood Part II,1985,"$300,400,432"
596,Resident Evil: Afterlife,2010,"$300,228,084"
597,Migration,2023,"$300,187,799"
598,Van Helsing,2004,"$300,157,638"
599,Stuart Little,1999,"$300,135,367"
600,Beverly Hills Cop II,1987,"$299,965,036"
601,Alice Through the Looking Glass,2016,"$299,820,798"
602,My Best Friend's Wedding,1997,"$299,288,605"
603,Real Steel,2011,"$299,268,508"
604,Horton Hears a Who!,2008,"$298,572,799"
605,Ocean's Eight,2018,"$297,795,726"
606,A Quiet Place Part II,2021,"$297,372,261"
607,The Divergent Series: Insurgent,2015,"$297,002,527"
608,Look Who's Talking,1989,"$296,999,813"
609,Austin Powers in Goldmember,2002,"$296,939,148"
610,Ghostbusters,1984,"$296,640,120"
611,Miss Peregrine's Home for Peculiar Children,2016,"$296,482,446"
612,X-Men,2000,"$296,339,528"
613,Ferdinand,2017,"$296,069,199"
614,Shutter Island,2010,"$294,978,537"
615,Doctor Dolittle,1998,"$294,456,605"
616,Bee Movie,2007,"$293,514,336"
617,Salt,2010,"$293,503,354"
618,G-Force,2009,"$292,817,898"
619,The Bourne Supremacy,2004,"$292,542,992"
620,The Departed,2006,"$292,095,942"
621,Five Nights at Freddy's,2023,"$291,589,416"
622,What Lies Beneath,2000,"$291,420,351"
623,Pacific Rim: Uprising,2018,"$290,930,148"
624,Sex and the City 2,2010,"$290,745,055"
625,Casper,1995,"$290,277,077"
626,Paddington 2,2017,"$290,132,513"
627,Shakespeare in Love,1998,"$289,317,794"
628,Divergent,2014,"$288,885,818"
629,Coming to America,1988,"$288,752,301"
630,Elvis,2022,"$288,670,284"
631,Wedding Crashers,2005,"$288,485,135"
632,Maze Runner: The Death Cure,2018,"$288,175,335"
633,American Pie 2,2001,"$287,553,595"
634,Pitch Perfect 2,2015,"$287,144,079"
635,The Green Mile,1999,"$286,801,374"
636,Oblivion,2013,"$286,168,572"
637,Elysium,2013,"$286,140,700"
638,Lethal Weapon 4,1998,"$285,444,603"
639,John Carter,2012,"$284,139,100"
640,The Boy and the Heron,2023,"$283,062,267"
641,Turbo,2013,"$282,570,682"
642,Bridget Jones's Diary,2001,"$281,996,961"
643,The Tourist,2010,"$278,780,441"
644,Split,2017,"$278,454,417"
645,Scary Movie,2000,"$278,022,760"
646,Blade Runner 2049,2017,"$277,937,605"
647,xXx,2002,"$277,448,382"
648,Creed III,2023,"$276,148,615"
649,The Bourne Legacy,2012,"$276,144,750"
650,Mr. Peabody & Sherman,2014,"$275,698,039"
651,Scooby-Doo,2002,"$275,682,171"
652,Lincoln,2012,"$275,293,450"
653,Tomb Raider,2018,"$274,950,803"
654,Lilo & Stitch,2002,"$274,749,220"
655,Lara Croft: Tomb Raider,2001,"$274,703,340"
656,The Expendables,2010,"$274,470,394"
657,Cloudy with a Chance of Meatballs 2,2013,"$274,325,949"
658,The Nutty Professor,1996,"$273,961,019"
659,731,2025,"$273,896,228"
660,Jerry Maguire,1996,"$273,552,592"
661,Bad Boys II,2003,"$273,340,010"
662,The Silence of the Lambs,1991,"$272,742,922"
663,Grown Ups,2010,"$271,457,606"
664,The Flash,2023,"$271,433,313"
665,Neighbors,2014,"$270,665,134"
666,The Firm,1993,"$270,248,367"
667,We're the Millers,2012,"$269,994,119"
668,Gran Torino,2008,"$269,958,228"
669,"10,000 BC",2008,"$269,784,201"
670,American Gangster,2007,"$269,755,430"
671,The Nun II,2023,"$269,667,073"
672,Weapons,2025,"$269,072,492"
673,Epic,2013,"$268,426,634"
674,Exodus: Gods and Kings,2014,"$268,175,631"
675,This Is It,2009,"$267,983,588"
676,Bambi,1942,"$267,447,150"
677,The Princess and the Frog,2009,"$267,056,816"
678,Batman Returns,1992,"$266,942,358"
679,Indecent Proposal,1993,"$266,614,059"
680,Something's Gotta Give,2003,"$265,328,837"
681,Bridget Jones: The Edge of Reason,2004,"$265,126,918"
682,The Incredible Hulk,2008,"$264,770,996"
683,Waterworld,1995,"$264,218,220"
684,The Truman Show,1998,"$264,118,712"
685,Charlie's Angels,2000,"$264,105,545"
686,The Fifth Element,1997,"$263,920,180"
687,Jumanji,1995,"$262,821,940"
688,Borat,2006,"$262,552,893"
689,Parasite,2019,"$262,550,310"
690,Robots,2005,"$262,511,490"
691,Knight and Day,2010,"$261,930,436"
692,A Quiet Place: Day One,2024,"$261,907,653"
693,Taylor Swift: The Eras Tour,2023,"$261,656,269"
694,Total Recall,1990,"$261,317,921"
695,Encanto,2021,"$261,292,688"
696,Terminator: Dark Fate,2019,"$261,119,292"
697,The Lone Ranger,2013,"$260,502,115"
698,Super 8,2011,"$260,095,986"
699,Halloween,2018,"$259,939,869"
700,Get Out,2016,"$259,861,530"
701,Mojin: The Lost Legend,2015,"$259,368,448"
702,Charlie's Angels: Full Throttle,2003,"$259,175,788"
703,Rush Hour 3,2007,"$258,097,122"
704,The Full Monty,1997,"$257,938,649"
705,Erin Brockovich,2000,"$257,851,763"
706,Kung Fu Yoga,2017,"$257,753,889"
707,Annabelle,2014,"$257,589,952"
708,The Garfield Movie,2024,"$257,211,519"
709,The Village,2003,"$256,697,520"
710,Lost in Hong Kong,2015,"$256,283,912"
711,Us,2019,"$256,071,218"
712,Pegasus,2019,"$255,863,112"
713,Marley & Me,2008,"$255,743,968"
714,Cliffhanger,1993,"$255,000,211"
715,Wish,2023,"$254,997,360"
716,Baahubali 2: The Conclusion,2017,"$254,158,390"
717,Babe,1995,"$254,134,910"
718,Men in Black: International,2019,"$253,890,701"
719,Wild Hogs,2007,"$253,625,427"
720,High School Musical 3: Senior Year,2008,"$252,937,244"
721,Hercules,1997,"$252,712,101"
722,Love Actually,2003,"$252,591,708"
723,X-Men: Dark Phoenix,2019,"$252,442,974"
724,True Grit,2010,"$252,278,285"
725,Dolittle,2020,"$251,410,631"
726,Bean,1997,"$251,212,670"
727,American Hustle,2013,"$251,171,807"
728,The Godfather,1972,"$250,926,380"
729,Boonie Bears: Time Twist,2024,"$250,921,235"
730,Enemy of the State,1998,"$250,849,789"
731,You've Got Mail,1998,"$250,821,575"
732,Sound of Freedom,2023,"$250,570,396"
733,Eragon,2006,"$250,425,512"
734,Brother Bear,2003,"$250,397,798"
735,The Bad Guys,2022,"$250,387,888"
736,Chang An,2023,"$250,318,788"
737,The Mask of Zorro,1998,"$250,288,523"
738,The Ring,2002,"$249,348,933"
739,The Blair Witch Project,1999,"$248,639,881"
740,Unbreakable,2000,"$248,118,121"
741,Journey to the West: The Demons Strike Back,2017,"$247,585,244"
742,Dumb and Dumber,1994,"$247,290,327"
743,Glass,2019,"$246,999,039"
744,Grown Ups 2,2013,"$246,984,278"
745,The First Slam Dunk,2022,"$246,879,530"
746,The Peanuts Movie,2015,"$246,233,113"
747,Rango,2011,"$245,724,603"
748,Four Weddings and a Funeral,1994,"$245,700,832"
749,Face/Off,1997,"$245,676,146"
750,Teenage Mutant Ninja Turtles: Out of the Shadows,2016,"$245,623,848"
751,Dark Shadows,2012,"$245,527,817"
752,Hulk,2003,"$245,285,165"
753,The Bravest,2019,"$245,179,562"
754,Welcome to the Sticks,2008,"$245,144,417"
755,Back to the Future Part III,1990,"$245,077,583"
756,Pixels,2015,"$244,874,809"
757,Hercules,2014,"$244,819,862"
758,Rush Hour,1998,"$244,721,064"
759,Journey to the Center of the Earth,2008,"$244,232,688"
760,Sully,2016,"$243,870,033"
761,After Earth,2013,"$243,611,982"
762,A Few Good Men,1992,"$243,240,178"
763,Howl's Moving Castle,2004,"$243,084,659"
764,Cloudy with a Chance of Meatballs,2009,"$243,006,136"
765,8 Mile,2002,"$242,875,078"
766,Daddy's Home,2015,"$242,786,137"
767,RoboCop,2014,"$242,688,965"
768,Eraser,1996,"$242,295,562"
769,Alien: Covenant,2017,"$240,892,187"
770,Assassin's Creed,2016,"$240,697,856"
771,Click,2006,"$240,685,326"
772,Jiang Ziya,2020,"$240,646,355"
773,Planes,2013,"$240,171,783"
774,Resident Evil: Retribution,2012,"$240,159,255"
775,Die Hard 2,1990,"$240,031,274"
776,Crocodile Dundee II,1988,"$239,606,210"
777,The Bad Guys 2,2025,"$239,449,449"
778,Crazy Rich Asians,2018,"$239,343,729"
779,Bullet Train,2022,"$239,268,602"
780,Batman & Robin,1997,"$238,259,753"
781,Hidden Figures,2016,"$237,613,666"
782,Gulliver's Travels,2010,"$237,382,724"
783,Gone in 60 Seconds,2000,"$237,202,299"
784,Green Lantern,2011,"$237,201,172"
785,Saturday Night Fever,1977,"$237,113,184"
786,Silver Linings Playbook,2012,"$236,412,453"
787,2 Fast 2 Furious,2003,"$236,353,236"
788,A.I. Artificial Intelligence,2001,"$235,926,635"
789,Dead Poets Society,1989,"$235,860,116"
790,Spy,2015,"$235,666,219"
791,American Pie,1999,"$235,483,004"
792,American Reunion,2012,"$234,989,584"
793,Five Nights at Freddy's 2,2025,"$234,930,975"
794,Big Daddy,1999,"$234,801,895"
795,Alvin and the Chipmunks: The Road Chip,2015,"$234,798,636"
796,The Imitation Game,2014,"$233,555,708"
797,Cruella,2021,"$233,503,234"
798,The Day the Earth Stood Still,2008,"$233,093,859"
799,Elf,2003,"$232,908,088"
800,American Wedding,2003,"$232,722,935"
801,The Girl with the Dragon Tattoo,2011,"$232,617,430"
802,Juno,2007,"$232,373,066"
803,Argo,2012,"$232,325,503"
804,Mr. Bean's Holiday,2007,"$232,225,908"
805,The English Patient,1996,"$231,976,425"
806,Sister Act,1992,"$231,605,150"
807,Annabelle Comes Home,2019,"$231,252,591"
808,Constantine,2005,"$230,912,116"
809,Get Smart,2008,"$230,685,453"
810,Space Jam,1996,"$230,594,962"
811,Life Is Beautiful,1998,"$230,099,013"
812,The Heat,2013,"$229,930,771"
813,Ghostbusters,2016,"$229,147,509"
814,Ghost Rider,2007,"$228,738,393"
815,Goodbye Mr. Loser,2015,"$228,122,928"
816,Sleepless in Seattle,1993,"$227,927,165"
817,Lethal Weapon 2,1989,"$227,853,986"
818,The Green Hornet,2011,"$227,817,248"
819,Out of Africa,1985,"$227,514,205"
820,Better Days,2019,"$227,140,557"
821,Youth,2017,"$227,091,290"
822,Baby Driver,2017,"$226,945,087"
823,Immortals,2011,"$226,904,017"
824,Taken,2008,"$226,837,760"
825,Percy Jackson & the Olympians: The Lightning Thief,2010,"$226,497,209"
826,Lightyear,2022,"$226,425,420"
827,Hansel & Gretel: Witch Hunters,2013,"$226,349,749"
828,Ford v Ferrari,2019,"$226,299,480"
829,Valerian and the City of a Thousand Planets,2017,"$225,973,340"
830,Good Will Hunting,1997,"$225,933,435"
831,Jumper,2008,"$225,132,113"
832,Chicken Run,2000,"$225,125,504"
833,The Social Network,2010,"$224,927,749"
834,Con Air,1997,"$224,012,234"
835,Interview with the Vampire,1994,"$223,664,608"
836,Flightplan,2005,"$223,387,299"
837,Yes Man,2008,"$223,241,637"
838,Non-Stop,2014,"$222,809,600"
839,"Honey, I Shrunk the Kids",1989,"$222,724,172"
840,Fahrenheit 9/11,2004,"$222,446,882"
841,Napoleon,2023,"$222,435,664"
842,Wild Wild West,1999,"$222,104,681"
843,Geostorm,2017,"$221,900,160"
844,"My Country, My Parents",2021,"$221,831,086"
845,The Help,2011,"$221,802,186"
846,Presumed Innocent,1990,"$221,303,188"
847,Suzume,2022,"$221,184,739"
848,Jungle Cruise,2021,"$220,889,446"
849,Scary Movie 3,2003,"$220,673,217"
850,Anyone But You,2023,"$220,332,985"
851,Collateral,2004,"$220,241,086"
852,Little Women,2019,"$220,102,679"
853,Inferno,2016,"$220,021,259"
854,Knocked Up,2007,"$219,922,417"
855,Now You See Me: Now You Don't,2025,"$219,861,210"
856,What Happens in Vegas,2008,"$219,375,562"
857,It's Complicated,2009,"$219,103,655"
858,The Terminal,2004,"$219,100,084"
859,Captain Phillips,2013,"$218,791,811"
860,The Prince of Egypt,1998,"$218,613,188"
861,Jack Reacher,2012,"$218,340,595"
862,Boonie Bears: Guardian Code,2023,"$218,069,789"
863,Smallfoot,2018,"$218,015,531"
864,The Emoji Movie,2017,"$217,776,646"
865,Smile,2022,"$217,408,513"
866,Too Cool to Kill,2022,"$217,254,604"
867,Dracula Untold,2014,"$217,124,280"
868,Central Intelligence,2016,"$216,940,871"
869,Million Dollar Baby,2004,"$216,763,646"
870,Twins,1988,"$216,614,388"
871,Valentine's Day,2010,"$216,528,528"
872,Superman II,1981,"$216,385,706"
873,Bad Teacher,2011,"$216,197,492"
874,A Little Red Flower,2020,"$216,000,000"
875,The Croods: A New Age,2020,"$215,905,815"
876,Clear and Present Danger,1994,"$215,887,717"
877,One Hundred and One Dalmatians,1961,"$215,880,014"
878,Ted 2,2015,"$215,863,606"
879,Dracula,1992,"$215,862,692"
880,Vertical Limit,2000,"$215,663,859"
881,Ghostbusters II,1989,"$215,394,738"
882,The Patriot,2000,"$215,294,342"
883,The Sorcerer's Apprentice,2010,"$215,283,742"
884,Just Go with It,2011,"$214,945,591"
885,The Expendables 3,2014,"$214,657,577"
886,Dirty Dancing,1987,"$214,577,242"
887,Creed II,2018,"$214,215,889"
888,Kingdom of Heaven,2005,"$214,171,045"
889,Public Enemies,2009,"$214,104,620"
890,The Bourne Identity,2002,"$214,034,224"
891,Disclosure,1994,"$214,015,089"
892,"Crouching Tiger, Hidden Dragon",2000,"$213,979,405"
893,Pulp Fiction,1994,"$213,928,762"
894,The Aviator,2004,"$213,719,942"
895,Braveheart,1995,"$213,216,216"
896,Into the Woods,2014,"$212,902,959"
897,Bedtime Stories,2008,"$212,874,864"
898,Arrival,2016,"$212,758,656"
899,Miss Congeniality,2000,"$212,758,130"
900,Entrapment,1999,"$212,404,396"
901,Ace Ventura: When Nature Calls,1995,"$212,385,533"
902,End of Days,1999,"$211,989,043"
903,Bridget Jones's Baby,2016,"$211,952,420"
904,Australia,2008,"$211,842,822"
905,Fury,2014,"$211,822,697"
906,Battle Los Angeles,2011,"$211,819,354"
907,Due Date,2010,"$211,780,824"
908,Master and Commander: The Far Side of the World,2003,"$211,623,421"
909,A Series of Unfortunate Events,2004,"$211,468,235"
910,The Little Mermaid,1989,"$211,343,479"
911,Nice View,2022,"$211,019,042"
912,District 9,2009,"$210,889,681"
913,Moonraker,1979,"$210,308,099"
914,Trolls Band Together,2023,"$210,231,405"
915,The Others,2001,"$210,002,906"
916,Horrible Bosses,2011,"$209,838,559"
917,Us and Them,2018,"$209,221,380"
918,Red Dragon,2002,"$209,196,298"
919,Tomorrowland,2015,"$209,035,668"
920,Me Before You,2016,"$208,450,780"
921,Safe House,2012,"$208,076,205"
922,S.W.A.T.,2003,"$207,725,639"
923,DC League of Super-Pets,2022,"$207,557,117"
924,The Fast and the Furious,2001,"$207,517,995"
925,Traffic,2000,"$207,515,725"
926,Joker: Folie à Deux,2024,"$207,500,287"
927,Paranormal Activity 3,2011,"$207,039,844"
928,Ponyo,2008,"$206,744,957"
929,Philadelphia,1993,"$206,678,440"
930,The Conjuring: The Devil Made Me Do It,2021,"$206,444,123"
931,The Marvels,2023,"$206,136,825"
932,One Battle After Another,2025,"$206,100,112"
933,Sleepy Hollow,1999,"$206,071,526"
934,The Jungle Book,1967,"$205,843,612"
935,Raging Fire,2021,"$205,842,393"
936,London Has Fallen,2016,"$205,754,447"
937,Snow White,2025,"$205,679,463"
938,The Break-Up,2006,"$205,668,210"
939,Journey to the West: Conquering the Demons,2013,"$205,637,183"
940,The Ugly Truth,2009,"$205,599,393"
941,Birds of Prey and the Fantabulous Emancipation of One Harley Quinn,2020,"$205,537,933"
942,Dungeons & Dragons: Honor Among Thieves,2023,"$205,460,387"
943,JFK,1991,"$205,405,498"
944,White House Down,2013,"$205,366,737"
945,The Holiday,2006,"$205,233,866"
946,PAW Patrol: The Mighty Movie,2023,"$205,098,869"
947,A Dog's Purpose,2017,"$205,035,819"
948,Fun with Dick and Jane,2005,"$204,681,899"
949,Eat Pray Love,2010,"$204,596,571"
950,Ghostbusters: Afterlife,2021,"$204,445,747"
951,The Addams Family,2019,"$204,394,183"
952,You Don't Mess with the Zohan,2008,"$204,313,400"
953,Hairspray,2007,"$203,631,405"
954,King Arthur,2004,"$203,567,857"
955,Yogi Bear,2010,"$203,509,374"
956,Everest,2015,"$203,427,584"
957,Vanilla Sky,2001,"$203,388,341"
958,Need for Speed,2014,"$203,277,636"
959,Garfield: The Movie,2004,"$203,172,417"
960,Patch Adams,1998,"$202,292,902"
961,Teenage Mutant Ninja Turtles,1990,"$202,084,756"
962,Ghostbusters: Frozen Empire,2024,"$201,967,521"
963,Kindergarten Cop,1990,"$201,957,688"
964,Straight Outta Compton,2015,"$201,634,991"
965,21 Jump Street,2012,"$201,585,556"
966,Valkyrie,2008,"$201,545,517"
967,Open Season,2006,"$200,811,689"
968,Cats & Dogs,2001,"$200,687,492"
969,The Hunt for Red October,1990,"$200,512,643"
970,Percy Jackson: Sea of Monsters,2013,"$199,850,315"
971,The Lego Movie 2: The Second Part,2019,"$199,603,202"
972,Two Weeks Notice,2002,"$199,043,471"
973,RED,2010,"$199,006,387"
974,Shock Wave 2,2020,"$198,921,659"
975,City of Angels,1998,"$198,685,114"
976,The Pacifier,2005,"$198,636,868"
977,50 First Dates,2004,"$198,520,934"
978,Total Recall,2012,"$198,467,607"
979,The Island,2018,"$198,326,350"
980,The Impossible,2012,"$198,087,212"
981,Lost in Thailand,2012,"$197,757,387"
982,Christopher Robin,2018,"$197,744,825"
983,Jack the Giant Slayer,2013,"$197,687,603"
984,Smurfs: The Lost Village,2017,"$197,183,546"
985,Chinese Doctors,2021,"$197,143,218"
986,Spy Kids 3: Game Over,2003,"$197,101,678"
987,Panic Room,2002,"$197,079,546"
988,The Other Woman,2014,"$196,710,396"
989,Stargate,1994,"$196,567,262"
990,Beowulf,2007,"$196,393,745"
991,The Vow,2012,"$196,114,570"
992,Anger Management,2003,"$195,745,823"
993,Tropic Thunder,2008,"$195,703,708"
994,Rocketman,2019,"$195,320,400"
995,The Pelican Brief,1993,"$195,268,056"
996,The Shape of Water,2017,"$195,243,464"
997,The BFG,2016,"$195,243,411"
998,The Intern,2015,"$194,764,672"
999,Downton Abbey,2019,"$194,694,725"
"1,000",Gnomeo & Juliet,2011,"$193,967,670"
